"annotation_id","annotator","created_at","id","image","lead_time","status","updated_at","wine"
72355,"1","2026-09-23T17:59:01.033475Z",206475,"/data/upload/32/539ed086-1.73_06-09-2026_14-54-06.webp",238.242,"Не уверен","2026-09-23T17:59:01.033492Z","fanagoriya-rose-kaberne-fran-rozovoe-suhoe-13__(договоримся так, после __ я буду писать свои комментарии. этого вина нет в наборе, но я не уверен)"
72356,"1","2026-09-23T18:01:48.590857Z",206476,"/data/upload/32/af1b7c2d-2.69_27-08-2026_14-29-00.webp",166.222,"Нет в каталоге","2026-09-23T18:01:48.590872Z",""
72357,"1","2026-09-23T18:02:33.054426Z",206477,"/data/upload/32/dced07c9-41.8_22-08-2026_20-56-40.webp",40.773,"Нет в каталоге","2026-09-23T18:02:33.054441Z",""
72358,"1","2026-09-23T18:03:46.006363Z",206478,"/data/upload/32/0ce2fc90-48.98_02-09-2026_18-34-15.webp",71.907,"","2026-09-23T18:03:46.006378Z","denisov_rubin_klaret_krasnaya_strelka"
72359,"1","2026-09-23T18:05:08.646335Z",206479,"/data/upload/32/48462b8a-68.81_05-09-2026_15-46-31.webp",81.523,"Нет в каталоге","2026-09-23T18:05:08.646349Z",""
72360,"1","2026-09-23T18:06:46.333474Z",206480,"/data/upload/32/cfb5b12b-70.45_04-09-2026_13-35-37.webp",95.931,"Не уверен","2026-09-23T18:06:46.333491Z","fanagoriya-formula-q-kaberne-sovinon-krasnoe-suhoe-135__(на фото слишком яркая этикетка, в каталоге более темная)"
72361,"1","2026-09-23T18:06:58.932584Z",206481,"/data/upload/32/7ecbca90-72.97_09-09-2026_19-38-57.webp",4.014,"Нет в каталоге","2026-09-23T18:06:58.932601Z",""
72362,"1","2026-09-23T18:08:09.972371Z",206482,"/data/upload/32/40607384-82.33_27-08-2026_10-03-52.webp",69.921,"","2026-09-23T18:08:09.972387Z","skalistyj-bereg-shepot-czvetov"
72363,"1","2026-09-23T18:09:27.587692Z",206483,"/data/upload/32/c1e3c813-84.73_07-09-2026_11-07-51.webp",75.688,"","2026-09-23T18:09:27.587708Z","zhemchuzhnaya-9-aligote-czitron"
72364,"1","2026-09-23T18:09:46.316116Z",206484,"/data/upload/32/26a590c9-87.09_22-08-2026_20-57-16.webp",17.587,"","2026-09-23T18:09:46.316132Z","pobeda"
72365,"1","2026-09-23T18:10:28.105027Z",206485,"/data/upload/32/b743c00b-87.54_03-09-2026_13-27-53.webp",39.702,"","2026-09-23T18:10:28.105043Z","relikta-relikta-sira-kaberne-fran-krasnoe-suhoe-13"
72366,"1","2026-09-23T18:13:01.388141Z",206486,"/data/upload/32/5ee66ea4-87.6_20-08-2026_19-56-56.webp",151.443,"Не уверен","2026-09-23T18:13:01.388157Z","leto-shardone-2023-suhoe-beloe__(есть такое, но на фото черная этикетка вместо белой)"
72367,"1","2026-09-23T18:14:46.481663Z",206487,"/data/upload/32/77149158-87.81_09-09-2026_17-16-36.webp",104.047,"Не уверен","2026-09-23T18:14:46.481678Z","aya-organic-wine-vineyards-purity-in-chenin-blanc-shenen-blan-beloe-suhoe-11__(есть похожее, но в названии вместо in balance написано in-chenin-blanc)"
72368,"1","2026-09-23T18:16:18.413428Z",206488,"/data/upload/32/1455ced1-87.88_28-08-2026_16-56-20.webp",38.145,"Не уверен","2026-09-23T18:16:18.413441Z","massandra-muskatel-belyy-belye-sorta-vinograda-beloe-sladkoe-16__(есть такое, но год урожая отличается)"
72369,"1","2026-09-23T18:16:58.056800Z",206489,"/data/upload/32/82e45849-88.2_05-09-2026_16-29-06.webp",38.592,"Нет в каталоге","2026-09-23T18:16:58.056818Z",""
72370,"1","2026-09-23T18:17:50.865967Z",206490,"/data/upload/32/740658e9-88.38_20-08-2026_18-32-58.webp",51.921,"","2026-09-23T18:17:50.865983Z","czitronnyj-magaracha-sovinon-blan"
72371,"1","2026-09-23T18:18:23.199208Z",206491,"/data/upload/32/d3bbdadd-89.65_19-08-2026_19-48-39.webp",28.861,"","2026-09-23T18:18:23.199226Z","rozovoe-zoloto"
72372,"1","2026-09-23T18:18:37.350429Z",206492,"/data/upload/32/fe688c31-90.5_02-09-2026_10-32-11.webp",13.22,"Нет в каталоге","2026-09-23T18:18:37.350446Z",""
72373,"1","2026-09-23T18:19:24.892825Z",206493,"/data/upload/32/a2e940a5-91.07_20-08-2026_18-37-46.webp",46.192,"","2026-09-23T18:19:24.892839Z","aratti-kaberne-sovinon-2021-krasnoe-suhoe"
72374,"1","2026-09-23T18:20:15.620411Z",206494,"/data/upload/32/089f2be2-91.43_02-09-2026_12-08-50.webp",49.702,"","2026-09-23T18:20:15.620427Z","merlo-2"
72375,"1","2026-09-23T18:20:31.528293Z",206495,"/data/upload/32/6175bdee-92.21_19-08-2026_18-57-31.webp",15.009,"","2026-09-23T18:20:31.528310Z","belaya-lvicza"
72376,"1","2026-09-23T18:21:09.232397Z",206496,"/data/upload/32/2f719eb3-92.6_07-09-2026_11-04-40.webp",36.761,"","2026-09-23T18:21:09.232412Z","aratti-kaberne-sovinon-2020-krasnoe-suhoe"
72377,"1","2026-09-23T18:22:47.440057Z",206497,"/data/upload/32/088a085e-92.94_21-08-2026_19-37-08.webp",96.618,"Не уверен","2026-09-23T18:22:47.440083Z","denisov-winery-sovinon-blan-beloe-suhoe-115__(есть такое, но этикетка черная, а не белая)"
72378,"1","2026-09-23T18:23:01.518054Z",206498,"/data/upload/32/49d9f03a-92.96_19-08-2026_21-07-12.webp",2.545,"","2026-09-23T18:23:01.518077Z","aratti-kaberne-sovinon-2020-krasnoe-suhoe"
72379,"1","2026-09-23T18:24:32.907132Z",206499,"/data/upload/32/2b0507ae-92.99_02-09-2026_04-20-19.webp",90.485,"Нет в каталоге","2026-09-23T18:24:32.907147Z",""
72380,"1","2026-09-23T18:25:49.525837Z",206500,"/data/upload/32/1baab82e-93.31_05-09-2026_13-39-37.webp",74.969,"","2026-09-23T18:25:49.525854Z","golubitskoe-estate-noble-selection-red-blend-kaberne-sovinon-krasnoe-suhoe-136"
72381,"1","2026-09-23T18:26:24.107880Z",206501,"/data/upload/32/d9325cd8-93.43_05-09-2026_13-34-45.webp",33.578,"","2026-09-23T18:26:24.107896Z","denisov_pet_nat_rubin"
72382,"1","2026-09-23T18:26:49.006066Z",206502,"/data/upload/32/5ac6fba6-93.68_19-08-2026_20-44-28.webp",23.773,"","2026-09-23T18:26:49.006090Z","zakat-denisov-vajneri"
72383,"1","2026-09-23T18:26:52.918234Z",206503,"/data/upload/32/92eab760-93.84_02-09-2026_17-13-04.webp",2.88,"","2026-09-23T18:26:52.918249Z","zakat-denisov-vajneri"
72384,"1","2026-09-23T18:28:37.915402Z",206504,"/data/upload/32/2cf432ca-93.95_05-09-2026_15-29-36.webp",103.348,"Нет в каталоге","2026-09-23T18:28:37.915418Z",""
72385,"1","2026-09-23T18:30:48.745709Z",206505,"/data/upload/32/102b3fb6-93.97_28-08-2026_16-02-48.webp",104.286,"Нет в каталоге","2026-09-23T18:30:48.745726Z",""
72386,"1","2026-09-23T18:31:19.644790Z",206506,"/data/upload/32/9c8fd335-94.02_24-08-2026_17-46-57.webp",29.115,"","2026-09-23T18:31:19.644806Z","rubin-golodrigi"
72387,"1","2026-09-23T18:31:31.052256Z",206507,"/data/upload/32/8d8614e8-94.43_05-09-2026_15-29-25.webp",9.976,"Нет в каталоге","2026-09-23T18:31:31.052268Z",""
72388,"1","2026-09-23T18:31:59.224935Z",206508,"/data/upload/32/a846ee16-94.55_02-09-2026_16-53-08.webp",26.906,"","2026-09-23T18:31:59.224951Z","denisov_pazori_risling"
72389,"1","2026-09-23T18:34:10.032370Z",206509,"/data/upload/32/c1f3f54a-94.72_21-08-2026_15-41-48.webp",127.262,"Не уверен","2026-09-23T18:34:10.032383Z","derbent-vino-desono-kaberne-sovinon-krasnoe-suhoe-125__(есть такое, но надпись внизу несоответствует, она больше. но фактически одно и то же)"
72390,"1","2026-09-23T18:34:56.566335Z",206510,"/data/upload/32/0984a310-94.7_25-08-2026_15-52-07.webp",45.291,"","2026-09-23T18:34:56.566350Z","czitronnyj-magaracha-sovinon-blan"
72391,"1","2026-09-23T18:35:02.270857Z",206511,"/data/upload/32/00fa192c-94.83_27-08-2026_14-29-28.webp",3.955,"Нет в каталоге","2026-09-23T18:35:02.270873Z",""
72392,"1","2026-09-23T18:39:17.306052Z",206512,"/data/upload/32/04026e3e-94.8_01-09-2026_10-10-02.webp",97.478,"Нет в каталоге","2026-09-23T18:39:17.306076Z",""
72393,"1","2026-09-23T18:40:01.626324Z",206513,"/data/upload/32/d1101a99-94.94_05-09-2026_15-04-50.webp",43.268,"Не уверен","2026-09-23T18:40:01.626339Z","denisov-winery-sovinon-blan-beloe-suhoe-115__(этикетка немного другая. в slug черная, а на фото белая)"
72394,"1","2026-09-23T18:40:54.958719Z",206514,"/data/upload/32/6e222e60-94.97_02-09-2026_19-01-48.webp",49.361,"","2026-09-23T18:40:54.958742Z","zhemchuzhnaya-9-pino-nuar-muskat-rozovyj-2"
72395,"1","2026-09-23T18:41:57.900151Z",206515,"/data/upload/32/15b819df-95.03_04-09-2026_11-39-35.webp",61.898,"","2026-09-23T18:41:57.900167Z","fanagoriya-zelyonoe-vino-risling-tsitronnyy-magaracha-beloe-polusuhoe-11"
72396,"1","2026-09-23T18:42:31.744827Z",206516,"/data/upload/32/8a9f6137-95.07_01-09-2026_16-15-35.webp",32.258,"Нет в каталоге","2026-09-23T18:42:31.744841Z",""
72397,"1","2026-09-23T18:43:07.155670Z",206517,"/data/upload/32/697f69fc-95.17_29-08-2026_11-06-42.webp",33.662,"Нет в каталоге","2026-09-23T18:43:07.155686Z",""
72398,"1","2026-09-23T18:43:13.039687Z",206518,"/data/upload/32/215348b5-95.19_05-09-2026_15-32-06.webp",4.936,"Нет в каталоге","2026-09-23T18:43:13.039704Z",""
72399,"1","2026-09-23T18:44:07.753373Z",206519,"/data/upload/32/fb903a59-95.24_19-08-2026_20-00-22.webp",53.785,"","2026-09-23T18:44:07.753388Z","zhemchuzhnaya-9-czitron-shardone-1"
72400,"1","2026-09-23T18:44:47.211840Z",206520,"/data/upload/32/c8407b14-95.29_21-08-2026_17-24-49.webp",38.369,"Нет в каталоге","2026-09-23T18:44:47.211858Z",""
72401,"1","2026-09-23T18:45:27.666943Z",206521,"/data/upload/32/5a1390c0-95.2_05-09-2026_13-54-13.webp",39.381,"","2026-09-23T18:45:27.666958Z","aratti-kaberne-po-belomu-1"
72402,"1","2026-09-23T18:46:04.235228Z",206522,"/data/upload/32/80a8f41a-95.32_02-09-2026_12-09-23.webp",34.594,"","2026-09-23T18:46:04.235251Z","sovinon-blan"
72403,"1","2026-09-23T18:46:09.027342Z",206523,"/data/upload/32/ef24a072-95.35_05-09-2026_15-29-53.webp",2.959,"Нет в каталоге","2026-09-23T18:46:09.027359Z",""
72404,"1","2026-09-23T18:47:34.712469Z",206524,"/data/upload/32/2d161b85-95.36_28-08-2026_17-09-04.webp",84.632,"Нет в каталоге","2026-09-23T18:47:34.712485Z",""
72405,"1","2026-09-23T18:47:59.241445Z",206525,"/data/upload/32/2337148a-95.49_05-09-2026_15-34-51.webp",23.491,"","2026-09-23T18:47:59.241461Z","zhemchuzhnaya-9-pino-nuar-muskat-rozovyj-2"
72406,"1","2026-09-23T18:48:37.342543Z",206526,"/data/upload/32/4533b8df-95.63_24-08-2026_17-47-43.webp",36.58,"","2026-09-23T18:48:37.342557Z","rubin-golodrigi"
72407,"1","2026-09-23T18:49:13.819502Z",206527,"/data/upload/32/cef95901-95.75_02-09-2026_14-47-49.webp",35.335,"","2026-09-23T18:49:13.819518Z","uva-vallis-risling"
72408,"1","2026-09-23T18:49:42.567122Z",206528,"/data/upload/32/ebba5814-95.76_23-08-2026_18-19-43.webp",27.615,"","2026-09-23T18:49:42.567138Z","denisov_barynya_kurmyshi"
72409,"1","2026-09-23T18:50:20.113433Z",206529,"/data/upload/32/93ba7db5-95.88_02-09-2026_14-41-59.webp",36.509,"","2026-09-23T18:50:20.113449Z","fanagoriya-zelyonoe-vino-risling-tsitronnyy-magaracha-beloe-polusuhoe-11"
72410,"1","2026-09-23T18:51:01.266623Z",206530,"/data/upload/32/dda8f5d7-95.8_19-08-2026_19-33-23.webp",40.085,"","2026-09-23T18:51:01.266640Z","roze-2"
72411,"1","2026-09-23T18:51:45.394984Z",206531,"/data/upload/32/12040d2e-95.8_19-08-2026_20-47-59.webp",43.189,"Не уверен","2026-09-23T18:51:45.395000Z","denisov-winery-sovinon-blan-beloe-suhoe-115__(этикетка по цвету другая)"
72412,"1","2026-09-23T18:53:16.488351Z",206532,"/data/upload/32/6ae20ca2-96.05_28-08-2026_09-14-57.webp",89.997,"Нет в каталоге","2026-09-23T18:53:16.488367Z",""
72413,"1","2026-09-23T18:54:01.323172Z",206533,"/data/upload/32/a2b2a782-96.07_28-08-2026_16-10-06.webp",43.768,"","2026-09-23T18:54:01.323189Z","golubitskoe-estate-kaberne-sovinon-krasnoe-suhoe-137"
72414,"1","2026-09-23T18:54:50.533332Z",206534,"/data/upload/32/13aa7057-96.08_22-08-2026_15-12-27.webp",45.192,"","2026-09-23T18:54:50.533347Z","zhemchuzhnaya-9-czitron-shardone-1"
72415,"1","2026-09-23T18:55:25.783357Z",206535,"/data/upload/32/76f16bfd-96.08_28-08-2026_16-29-50.webp",21.729,"","2026-09-23T18:55:25.783371Z","golubitskoe-estate-merlo-krasnoe-suhoe-135"
72416,"1","2026-09-23T18:57:30.502471Z",206536,"/data/upload/32/f47a5c8a-96.11_22-08-2026_21-29-20.webp",123.835,"Нет в каталоге","2026-09-23T18:57:30.502489Z",""
72417,"1","2026-09-23T18:57:57.421226Z",206537,"/data/upload/32/310ca6a4-96.13_19-08-2026_19-33-10.webp",25.847,"","2026-09-23T18:57:57.421249Z","roze-2"
72418,"1","2026-09-23T18:58:27.231043Z",206538,"/data/upload/32/bef959f1-96.15_22-08-2026_20-56-09.webp",12.959,"","2026-09-23T18:58:27.231059Z","roze-2"
72419,"1","2026-09-23T18:58:56.725711Z",206539,"/data/upload/32/fb07b078-96.27_20-08-2026_16-26-30.webp",28.46,"","2026-09-23T18:58:56.725728Z","zhemchuzhnaya-9-pino-nuar-muskat-rozovyj-1"
72420,"1","2026-09-23T18:59:55.797937Z",206540,"/data/upload/32/7224ca71-96.29_21-08-2026_19-39-02.webp",59.891999999999996,"Не уверен","2026-09-23T19:00:00.559187Z","denisov-winery-sovinon-blan-beloe-suhoe-115__(этикетка немного другая. в slug черная, а на фото белая)"
72421,"1","2026-09-23T19:00:10.608532Z",206541,"/data/upload/32/f6ddb3bf-96.2_28-08-2026_09-13-27.webp",8.739,"Нет в каталоге","2026-09-23T19:00:10.608549Z",""
72422,"1","2026-09-23T19:02:02.974089Z",206542,"/data/upload/32/bf9f3e4e-96.2_28-08-2026_19-25-29.webp",111.413,"Нет в каталоге","2026-09-23T19:02:02.974106Z",""
72423,"1","2026-09-23T19:02:35.047290Z",206543,"/data/upload/32/46273bff-96.31_09-09-2026_19-29-01.webp",30.0,"","2026-09-23T19:02:35.047305Z","aratti-kaberne-po-belomu"
72424,"1","2026-09-23T19:03:03.320559Z",206544,"/data/upload/32/4cdabeac-96.31_21-08-2026_17-24-55.webp",26.138,"","2026-09-23T19:03:03.320574Z","bukovinka"
72425,"1","2026-09-23T19:04:18.149892Z",206545,"/data/upload/32/436f9f48-96.3_08-09-2026_10-53-14.webp",73.909,"Нет в каталоге","2026-09-23T19:04:18.149908Z",""
72426,"1","2026-09-23T19:04:24.139878Z",206546,"/data/upload/32/3687baec-96.3_28-08-2026_09-12-56.webp",4.751,"Нет в каталоге","2026-09-23T19:04:24.139894Z",""
72427,"1","2026-09-23T19:05:18.961572Z",206547,"/data/upload/32/1ecd2476-96.42_22-08-2026_21-29-43.webp",26.18,"Нет в каталоге","2026-09-23T19:05:18.961588Z",""
72428,"1","2026-09-23T19:05:40.225827Z",206548,"/data/upload/32/f18bcd4e-96.44_05-09-2026_15-33-59.webp",19.593,"","2026-09-23T19:05:40.225843Z","sovinon-blan"
72429,"1","2026-09-23T19:06:18.546330Z",206549,"/data/upload/32/3516a2ce-96.45_02-09-2026_14-19-06.webp",36.664,"Нет в каталоге","2026-09-23T19:06:18.546358Z",""
72430,"1","2026-09-23T19:07:20.257562Z",206550,"/data/upload/32/1089a6a4-96.45_19-08-2026_19-35-28.webp",60.674,"Не уверен","2026-09-23T19:07:20.257582Z","czitronnyj-magaracha__(в slug сухое, а нужно полусухое, но полусухого нет)"
72431,"1","2026-09-23T19:08:27.480213Z",206551,"/data/upload/32/020fd4d7-96.53_03-09-2026_16-39-17.webp",66.151,"Нет в каталоге","2026-09-23T19:08:27.480229Z",""
72432,"1","2026-09-23T19:09:15.802418Z",206552,"/data/upload/32/275e43a2-96.54_04-09-2026_19-30-52.webp",46.79,"","2026-09-23T19:09:15.802436Z","denisov-winery-risling-beloe-suhoe-115"
72433,"1","2026-09-23T19:10:05.886186Z",206553,"/data/upload/32/a3932bdb-96.55_30-08-2026_19-34-31.webp",109.73400000000001,"","2026-09-23T19:11:06.917984Z","novyy-svet-dom-shampanskih-vin-novyy-svet-polusladkoe-roze-shardone-rozovoe-115"
72434,"1","2026-09-23T19:11:44.424386Z",206554,"/data/upload/32/6359802c-96.58_05-09-2026_16-05-04.webp",35.229,"","2026-09-23T19:11:44.424401Z","fanagoriya-zelyonoe-vino-risling-tsitronnyy-magaracha-beloe-polusuhoe-11"
72435,"1","2026-09-23T19:12:40.689433Z",206555,"/data/upload/32/e28d5f8b-96.61_28-08-2026_09-16-27.webp",52.448,"Нет в каталоге","2026-09-23T19:12:40.689447Z",""
72436,"1","2026-09-23T19:12:53.208764Z",206556,"/data/upload/32/18ebb08a-96.62_07-09-2026_18-12-27.webp",2.369,"","2026-09-23T19:12:53.208778Z","fanagoriya-zelyonoe-vino-risling-tsitronnyy-magaracha-beloe-polusuhoe-11"
72437,"1","2026-09-23T19:13:29.847866Z",206557,"/data/upload/32/091ce0a8-96.64_26-08-2026_16-52-37.webp",34.782,"Нет в каталоге","2026-09-23T19:13:29.847882Z",""
72438,"1","2026-09-23T19:13:56.982231Z",206558,"/data/upload/32/57b00877-96.65_02-09-2026_12-08-51.webp",26.025,"","2026-09-23T19:13:56.982249Z","kaberne-sovinon-3"
72439,"1","2026-09-23T19:14:38.444002Z",206559,"/data/upload/32/8d17ebd5-96.66_22-08-2026_20-44-40.webp",37.933,"","2026-09-23T19:14:38.444016Z","perovskih_polusuhoe_krasnoe"
72440,"1","2026-09-23T19:15:58.550338Z",206560,"/data/upload/32/88543722-96.67_27-08-2026_17-47-05.webp",79.069,"Нет в каталоге","2026-09-23T19:15:58.550355Z",""
72441,"1","2026-09-23T19:16:33.989709Z",206561,"/data/upload/32/b038977f-96.74_28-08-2026_13-52-26.webp",34.386,"","2026-09-23T19:16:33.989725Z","usadba-mezyb-shishka-kupazh-5-kaberne-sovinon-rozovoe-suhoe-133"
72442,"1","2026-09-23T19:16:57.918056Z",206562,"/data/upload/32/e4462ba1-96.76_07-09-2026_14-57-04.webp",23.041,"","2026-09-23T19:16:57.918078Z","pozdnij-sbor-krasnoe"
72443,"1","2026-09-23T19:17:38.736846Z",206563,"/data/upload/32/2ff61dc3-96.77_24-08-2026_14-10-46.webp",35.581,"","2026-09-23T19:17:38.736861Z","golubitskoe-estate-red-blend-kaberne-sovinon-krasnoe-suhoe-136"
72444,"1","2026-09-23T19:18:12.976616Z",206564,"/data/upload/32/72792b51-96.78_25-08-2026_18-04-42.webp",33.351,"Не уверен","2026-09-23T19:18:12.976631Z","1__(здесь на фото 2 вина разных)"
72445,"1","2026-09-23T19:18:32.006774Z",206565,"/data/upload/32/f6639fb8-96.79_20-08-2026_17-48-31.webp",17.028,"","2026-09-23T19:18:32.006790Z","oleg"
72446,"1","2026-09-23T19:19:06.598052Z",206566,"/data/upload/32/438bd83d-96.79_28-08-2026_22-05-22.webp",33.736,"","2026-09-23T19:19:06.598066Z","vinodelnya-vedernikov-vedernikov-dolina-dona-beloe-suhoe-aligote-12"
72447,"1","2026-09-23T19:19:12.963541Z",206567,"/data/upload/32/ce9e5190-96.7_28-08-2026_13-50-21.webp",4.765,"Нет в каталоге","2026-09-23T19:19:12.963557Z",""
72448,"1","2026-09-23T19:19:23.167756Z",206568,"/data/upload/32/025c5bf6-96.83_20-08-2026_17-48-13.webp",1.902,"","2026-09-23T19:19:23.167773Z","oleg"
72449,"1","2026-09-23T19:20:24.645086Z",206569,"/data/upload/32/133d82d0-96.8_25-08-2026_22-20-38.webp",60.545,"Не уверен","2026-09-23T19:20:24.645102Z","sovinon-blan__(то что в slug полусладкое, а на фото полусухое)"
72450,"1","2026-09-23T19:21:07.349025Z",206570,"/data/upload/32/47ed8d96-96.96_05-09-2026_19-02-01.webp",41.626,"","2026-09-23T19:21:07.349046Z","denisov_rubin_klaret_krasnaya_strelka"
72451,"1","2026-09-23T19:21:57.576959Z",206571,"/data/upload/32/a365699c-96.98_19-08-2026_19-05-06.webp",49.352,"","2026-09-23T19:21:57.576978Z","czitronnyj-magaracha__(в slug сухое, а нужно полусухое, но полусухого нет)"
72452,"1","2026-09-23T19:23:03.402682Z",206572,"/data/upload/32/6a4036f3-97.02_29-08-2026_18-49-02.webp",64.458,"Нет в каталоге","2026-09-23T19:23:03.402700Z",""
72453,"1","2026-09-23T19:23:08.320757Z",206573,"/data/upload/32/cac09acc-97.08_05-09-2026_15-30-50.webp",3.908,"Нет в каталоге","2026-09-23T19:23:08.320773Z",""
72454,"1","2026-09-23T19:23:52.966252Z",206574,"/data/upload/32/19aa1ce7-97.23_05-09-2026_15-34-36.webp",46.651,"Не уверен","2026-09-23T19:23:56.274264Z","sovinon-blan__(то что в slug полусладкое, а на фото полусухое)"
